title,description,genre
Love Story,A touching story of love and loss.,Romance
Haunted Night,A terrifying night inside a haunted place.,Horror
Laugh Out Loud,A collection of hilarious moments.,Comedy
Warrior Rising,A young warrior rises against evil forces.,Action
The Secret Agent,An undercover agent solves dangerous mysteries.,Thriller
Dream Chasers,Young people chasing their dreams.,Drama
Frozen Memories,Someone recalls emotional memories.,Drama
Shadow Hunter,A hunter follows shadows of criminals.,Action
Midnight Escape,A thrilling escape adventure at midnight.,Thriller
Broken Wings,A girl learns to fly after heartbreak.,Romance
Galaxy Quest,A team travels through galaxies.,Sci-Fi
Silent Tears,A woman hides her tears behind silence.,Drama
Wild Ride,Friends go on a wild adventure.,Adventure
Ghost Town,A deserted town filled with ghosts.,Horror
Eternal Flame,A flame of love that never dies.,Romance
Final Mission,An army officer's last mission.,Action
Hidden Truth,A mystery hidden for decades.,Mystery
Lost in Time,Someone gets lost traveling through time.,Sci-Fi
Bloody Path,A brutal path of revenge.,Thriller
Ocean Blue,An adventure deep inside the ocean.,Adventure
Kingdom Fall,A kingdom on the verge of destruction.,Action
Starfall,"A star falls, bringing change.",Fantasy
Mystery Lake,A mysterious lake hides secrets.,Mystery
Fear House,People trapped in a house of fear.,Horror
Romantic Wind,A beautiful romantic journey.,Romance
Crazy Friends,Friends acting crazy in funny situations.,Comedy
The Last Warrior,The last warrior fighting evil.,Action
Moonlight Murder,A series of murders under moonlight.,Thriller
Comedy Nights,Stand‑up comedy moments.,Comedy
Jungle Run,A run through the dangerous jungle.,Adventure
Dark Spell,A girl cursed by dark magic.,Horror
Happy Days,A family living joyful days.,Comedy
Royal Love,A royal family and their love stories.,Romance
Cursed Doll,A doll possessed with evil spirits.,Horror
The Detective,A detective solves tough mysteries.,Mystery
Underground Chase,A chase happening deep underground.,Action
Code Blue,A medical team trying to save lives.,Drama
Fire Wings,A bird rises again from fire.,Fantasy
Sad Melody,A song filled with sadness.,Drama
Alien Planet,A planet full of aliens.,Sci-Fi
Golden Heart,A heart filled with gold.,Romance
River Mystery,A mysterious river hides legends.,Mystery
Brave Soldier,A soldier shows great bravery.,Action
Haunted Forest,A dangerous forest full of spirits.,Horror
Love Again,Two lovers meet again after years.,Romance
Night Patrol,A police patrol at night.,Thriller
Endless Journey,A never‑ending journey of life.,Drama
Toxic Love,A toxic relationship full of drama.,Romance
Secret Kingdom,A kingdom filled with secrets.,Fantasy
